Gene_Expression_1,Gene_Expression_2,Label
3.199403927025394334e-01,3.169584915909588463e-01,0.000000000000000000e+00
1.577217921379960586e-01,8.822529486467500792e-02,0.000000000000000000e+00
3.336388778185521709e-01,3.106362941487105789e-01,0.000000000000000000e+00
2.647010972673214391e-01,2.829527702002918033e-01,0.000000000000000000e+00
4.532630537693982387e-02,2.806268411499869275e-01,0.000000000000000000e+00
3.558420563365329303e-01,2.529146608009804620e-01,0.000000000000000000e+00
2.677983171081761982e-01,1.742506189790658799e-01,0.000000000000000000e+00
3.977680955120793116e-01,3.318450877251312714e-01,0.000000000000000000e+00
2.510820436095219099e-01,4.152896346981296283e-01,0.000000000000000000e+00
1.966565657341539097e-01,1.023723639098051141e-01,0.000000000000000000e+00
5.580395789230689907e-01,2.238020264881451782e-01,0.000000000000000000e+00
2.168946811015510789e-01,5.603639447691359798e-01,0.000000000000000000e+00
3.118985500949862377e-01,4.132751787390105402e-01,0.000000000000000000e+00
4.361474101221002320e-01,2.236127755039304943e-01,0.000000000000000000e+00
2.846560093115489964e-01,1.196259165058891072e-01,0.000000000000000000e+00
3.166120441563218257e-01,3.529385550237205127e-01,0.000000000000000000e+00
3.849957666477667462e-01,2.384564710699469681e-01,0.000000000000000000e+00
1.986660076227487193e-01,5.327816839482835132e-01,0.000000000000000000e+00
3.718263869628527507e-01,3.721048132449260026e-01,0.000000000000000000e+00
4.283426239347213338e-01,2.823881036820294899e-01,0.000000000000000000e+00
3.331483326027737113e-01,2.854367299873588060e-01,0.000000000000000000e+00
2.857109619613648066e-01,3.091338676451241829e-01,0.000000000000000000e+00
4.091027127769243932e-01,2.979939947042846704e-01,0.000000000000000000e+00
3.199629466483058793e-01,2.131683007814166309e-01,0.000000000000000000e+00
3.412907145387883978e-01,5.072894183685044966e-01,0.000000000000000000e+00
2.195236125182488951e-01,2.522245147405822729e-01,0.000000000000000000e+00
1.654623977681544678e-01,3.040520347064530338e-01,0.000000000000000000e+00
2.682421575074162012e-01,3.666186088074598892e-01,0.000000000000000000e+00
3.007198732617243908e-01,2.082966835115002135e-01,0.000000000000000000e+00
1.660826569797178021e-01,3.450338404802439918e-01,0.000000000000000000e+00
3.492908708263373074e-01,1.787455984413553467e-01,0.000000000000000000e+00
1.928352547818776297e-01,2.856169252759167554e-01,0.000000000000000000e+00
2.157955733067062898e-01,3.051014348003415755e-01,0.000000000000000000e+00
1.528429062842233399e-01,4.413417780905953824e-01,0.000000000000000000e+00
2.672300487642889077e-01,3.370287762217368255e-01,0.000000000000000000e+00
1.287991083403299541e-01,2.827242454429040874e-01,0.000000000000000000e+00
3.521463379507477343e-01,3.107043298804456066e-01,0.000000000000000000e+00
3.997060626871604683e-01,3.432030595164934916e-01,0.000000000000000000e+00
3.936240084556207330e-01,3.340893606069382793e-01,0.000000000000000000e+00
3.864698492130482221e-01,3.374056552912043649e-01,0.000000000000000000e+00
3.431326295561188955e-01,3.225277871637955429e-01,0.000000000000000000e+00
2.545355702647230656e-01,4.074646791350728381e-01,0.000000000000000000e+00
3.406331523808115436e-01,4.301808353126724827e-01,0.000000000000000000e+00
2.216807880022642063e-01,3.629012085630938800e-01,0.000000000000000000e+00
2.222145505383222308e-01,4.607112203272197282e-01,0.000000000000000000e+00
2.792277789416455769e-01,2.130831360516979855e-01,0.000000000000000000e+00
4.468354183903557320e-01,2.490654975194507847e-01,0.000000000000000000e+00
1.609337790333215112e-01,3.441676939530791124e-01,0.000000000000000000e+00
3.466572368498637147e-01,3.473572289178836203e-01,0.000000000000000000e+00
4.165077165236854562e-01,1.329669610856470396e-01,0.000000000000000000e+00
3.475262318145451723e-01,3.554262424918701035e-01,0.000000000000000000e+00
1.797878515884120398e-01,3.082925319569900791e-01,0.000000000000000000e+00
2.975592087983627287e-01,3.033438444820685254e-01,0.000000000000000000e+00
4.080143587967162699e-01,2.462001383856073922e-01,0.000000000000000000e+00
2.689060697386710386e-01,3.522171266758305497e-01,0.000000000000000000e+00
2.985839413879236570e-01,2.527545514850488839e-01,0.000000000000000000e+00
4.279132900068683965e-01,1.712892789485523648e-01,0.000000000000000000e+00
2.851781627536404407e-01,2.204827965982043003e-01,0.000000000000000000e+00
3.907748121988101064e-01,3.385329786452527800e-01,0.000000000000000000e+00
1.726336611333677828e-01,2.568706330682405392e-01,0.000000000000000000e+00
4.691693743591692223e-01,3.416534371032640682e-01,0.000000000000000000e+00
2.174193904359600360e-01,3.604618356036038973e-01,0.000000000000000000e+00
2.376230960880482967e-01,3.019249135290911212e-01,0.000000000000000000e+00
1.758673232207922377e-01,2.280414712995068038e-01,0.000000000000000000e+00
3.862875379497575645e-01,3.566591589477909885e-01,0.000000000000000000e+00
3.732452431562419681e-01,2.932983831881350034e-01,0.000000000000000000e+00
2.855089073436959946e-01,2.607793169562999114e-01,0.000000000000000000e+00
2.889384497754793335e-01,3.746301409659826831e-01,0.000000000000000000e+00
3.920343930960256129e-01,4.083792030847350762e-01,0.000000000000000000e+00
1.693123331754973482e-01,1.333275839191331580e-01,0.000000000000000000e+00
2.919225262220895289e-01,2.204711851072527484e-01,0.000000000000000000e+00
1.611440879870975063e-01,3.038975895046479581e-01,0.000000000000000000e+00
3.102076949206293843e-01,4.177381046966643918e-01,0.000000000000000000e+00
2.795989891535910488e-01,2.650519543649669796e-01,0.000000000000000000e+00
1.948096991938944866e-01,3.074260552345837727e-01,0.000000000000000000e+00
3.248203405991006987e-02,1.200001322041325813e-01,0.000000000000000000e+00
2.756322963584764141e-01,8.439816923541673677e-02,0.000000000000000000e+00
3.087392273064246129e-01,3.213001434289697866e-01,0.000000000000000000e+00
3.660458592669958433e-01,3.097899847079320645e-01,0.000000000000000000e+00
5.488707709600775253e-01,2.433713742951889580e-01,0.000000000000000000e+00
1.118404132636806325e-01,2.696685237234373034e-01,0.000000000000000000e+00
4.001863469052229227e-01,3.881847609992175041e-01,0.000000000000000000e+00
4.407987285198047278e-01,3.215145856921377554e-01,0.000000000000000000e+00
1.406343417884860780e-01,3.457044668928047626e-01,0.000000000000000000e+00
4.315159414597571907e-01,3.942811892953624886e-01,0.000000000000000000e+00
3.663513949510887602e-01,3.495999988653035739e-01,0.000000000000000000e+00
1.218695336057355472e-01,2.895928781347316683e-01,0.000000000000000000e+00
3.206113682587646840e-01,4.230510465252002028e-02,0.000000000000000000e+00
4.350263084232096622e-01,1.484981772507000808e-01,0.000000000000000000e+00
4.096232345842931721e-02,2.123077003698045084e-01,0.000000000000000000e+00
1.179551490372596767e-01,3.487001460044328871e-01,0.000000000000000000e+00
4.223344034058508223e-01,2.133530570520451863e-01,0.000000000000000000e+00
4.697956652829207158e-01,3.848776802488034776e-01,0.000000000000000000e+00
1.876136498066189873e-01,2.668953948319630065e-01,0.000000000000000000e+00
3.254554814181897515e-01,3.276714527429739343e-01,0.000000000000000000e+00
2.803298507701685871e-01,4.217314744007843452e-01,0.000000000000000000e+00
2.286075436815320772e-01,4.253809291748169574e-01,0.000000000000000000e+00
2.172742956923095214e-01,3.566907946644185534e-01,0.000000000000000000e+00
2.083607623599015302e-01,3.344066781818885170e-01,0.000000000000000000e+00
2.259234410408192950e-01,4.408559619676956087e-01,0.000000000000000000e+00
1.117415993167266697e-01,2.182025050555970735e-01,0.000000000000000000e+00
4.540785970971794594e-01,3.785100435305292499e-01,0.000000000000000000e+00
8.629157615883803478e-02,2.482438879965534195e-01,0.000000000000000000e+00
2.508703734606441138e-01,3.744198556477393858e-01,0.000000000000000000e+00
2.647515740757924174e-01,2.605402454916048161e-01,0.000000000000000000e+00
4.041522958521846509e-01,3.775006772388038723e-01,0.000000000000000000e+00
4.570083772019280510e-01,3.451029418097453783e-01,0.000000000000000000e+00
3.652748898413257228e-01,4.210200470340944578e-01,0.000000000000000000e+00
2.704007080669988961e-01,4.036323094590059668e-01,0.000000000000000000e+00
3.862634312171886464e-01,3.815462968543547051e-01,0.000000000000000000e+00
3.865184524031932689e-01,2.870170288310837647e-01,0.000000000000000000e+00
3.145192161887024329e-01,1.528733395166589071e-01,0.000000000000000000e+00
1.578331870605988729e-01,1.721425881876165742e-01,0.000000000000000000e+00
2.880916701850245176e-01,4.185273703211196406e-01,0.000000000000000000e+00
2.265202036959906295e-01,1.464502748691929868e-01,0.000000000000000000e+00
2.163222220173232624e-01,4.117371597948388806e-01,0.000000000000000000e+00
3.612452717870950347e-01,4.944442663111296432e-01,0.000000000000000000e+00
1.966496832756844948e-01,3.038258475207514242e-01,0.000000000000000000e+00
3.832335699705473053e-01,4.152488917616425912e-01,0.000000000000000000e+00
1.926553225936145364e-01,3.510844376860964289e-01,0.000000000000000000e+00
1.934515543786019809e-01,2.893280808683408867e-01,0.000000000000000000e+00
2.058772410053908430e-01,3.214165494455373251e-01,0.000000000000000000e+00
2.166820033364733056e-01,3.595946970446025071e-01,0.000000000000000000e+00
2.497293102111681484e-01,3.427293137370094334e-01,0.000000000000000000e+00
3.496988295071097874e-01,2.162594996856757879e-01,0.000000000000000000e+00
3.897493410339549769e-01,2.864794274451920586e-01,0.000000000000000000e+00
2.303052528991943460e-01,1.862993578475888312e-01,0.000000000000000000e+00
2.717443930967113896e-01,2.172373491819885039e-01,0.000000000000000000e+00
2.502379088841203969e-01,3.471820295967069647e-01,0.000000000000000000e+00
3.008919327598653104e-01,2.648215840115444863e-01,0.000000000000000000e+00
2.446287330092203893e-01,4.756665514383414117e-01,0.000000000000000000e+00
3.486438264395961828e-01,3.040265424497154423e-01,0.000000000000000000e+00
1.351407505450150370e-01,1.941019371991493658e-01,0.000000000000000000e+00
3.007150495008533708e-01,2.414056288807314155e-01,0.000000000000000000e+00
4.014049571587854914e-01,1.679740849638385602e-01,0.000000000000000000e+00
2.715862737091122581e-01,2.493995389386133021e-01,0.000000000000000000e+00
3.404005683779613989e-01,2.129489177990435689e-01,0.000000000000000000e+00
2.987845227955435168e-01,3.086318207519769263e-01,0.000000000000000000e+00
2.885975469953355188e-01,2.907191710427790010e-01,0.000000000000000000e+00
3.226247700954218423e-01,4.535189944541130891e-01,0.000000000000000000e+00
3.991337016214635547e-01,3.150581654180095725e-02,0.000000000000000000e+00
2.815370029423568954e-01,3.779005085468710168e-01,0.000000000000000000e+00
2.537138412076262450e-01,3.440957455996395131e-01,0.000000000000000000e+00
2.726952969340113442e-01,3.657582119282871691e-01,0.000000000000000000e+00
3.535664620227023103e-01,3.617933535559237912e-01,0.000000000000000000e+00
3.800767269913394308e-01,4.122721011428392424e-01,0.000000000000000000e+00
3.705586508692013670e-01,3.490675877806588834e-01,0.000000000000000000e+00
4.574680543497918750e-01,3.055592329210609637e-01,0.000000000000000000e+00
2.428095636788814016e-01,2.170114511728101769e-01,0.000000000000000000e+00
2.495495940083215791e-01,3.523672724243614995e-01,0.000000000000000000e+00
3.645710742872423915e-01,1.970010100309778633e-01,0.000000000000000000e+00
3.611801514894246168e-01,2.833534716149838650e-01,0.000000000000000000e+00
2.450559202305129525e-01,2.560212258259415563e-01,0.000000000000000000e+00
3.054666218794808707e-01,3.563072697357084762e-01,0.000000000000000000e+00
2.508104459506389494e-01,2.303470063553714198e-01,0.000000000000000000e+00
1.942209823063038021e-01,3.087883423346850509e-01,0.000000000000000000e+00
1.832775874584928744e-01,2.622382875004540814e-01,0.000000000000000000e+00
3.659524112114041494e-01,2.905787058160772540e-01,0.000000000000000000e+00
8.380795745415164921e-02,3.987813979452992652e-01,0.000000000000000000e+00
2.055496751439911951e-01,2.838515082759599517e-01,0.000000000000000000e+00
4.247696788178594307e-01,2.569500695519075784e-01,0.000000000000000000e+00
3.421666536996747499e-01,1.872204578628238747e-01,0.000000000000000000e+00
3.126358058156896158e-01,1.090949085807007557e-01,0.000000000000000000e+00
2.643783863286019442e-01,3.857001050551480681e-01,0.000000000000000000e+00
2.072069093910369197e-01,2.050808010521005809e-01,0.000000000000000000e+00
3.359442344101181699e-01,1.942417569689812162e-01,0.000000000000000000e+00
3.238136308326000079e-01,4.731422501252987578e-01,0.000000000000000000e+00
4.172181613923199306e-01,1.252500007604664123e-01,0.000000000000000000e+00
5.174388423220084299e-01,1.750891282677704552e-01,0.000000000000000000e+00
3.026784915161896405e-01,2.576113998886158662e-01,0.000000000000000000e+00
3.377611160998604256e-01,2.065407107150610821e-01,0.000000000000000000e+00
3.125452881599463661e-01,1.999461154043125632e-01,0.000000000000000000e+00
5.196443261480513387e-01,4.643454881323975103e-01,0.000000000000000000e+00
1.461040211705272873e-01,2.308635245302734784e-01,0.000000000000000000e+00
2.152170811773153614e-01,2.926859143190579382e-01,0.000000000000000000e+00
4.025886896399526460e-01,4.022565433624007980e-01,0.000000000000000000e+00
1.719657588230635026e-01,1.982532012747116879e-01,0.000000000000000000e+00
2.417876979542052940e-01,2.849470379894455396e-01,0.000000000000000000e+00
3.990786328014703233e-01,2.542048858363961106e-01,0.000000000000000000e+00
3.108811059308216329e-01,2.289021211363062025e-01,0.000000000000000000e+00
1.564012893752048661e-01,5.307336773964108634e-01,0.000000000000000000e+00
4.834056282278473837e-01,4.482881998384829481e-01,0.000000000000000000e+00
2.922691936998985107e-01,1.854824833514986671e-01,0.000000000000000000e+00
2.007937999881953539e-01,1.548056566881559071e-01,0.000000000000000000e+00
4.225592599159478935e-01,3.221299680174006808e-01,0.000000000000000000e+00
2.100731505097681029e-01,3.705567978379937788e-01,0.000000000000000000e+00
3.625191780641659478e-01,3.033424888741270142e-01,0.000000000000000000e+00
4.628345693620561363e-01,4.092879068557265798e-01,0.000000000000000000e+00
3.574650750981784864e-01,3.417736796097562424e-01,0.000000000000000000e+00
1.365195830455570580e-01,2.901371936433543297e-01,0.000000000000000000e+00
2.287542043168754313e-01,2.685852635282874323e-01,0.000000000000000000e+00
3.869428488302123492e-01,3.986388033199301795e-01,0.000000000000000000e+00
2.502348196337570996e-01,3.616031365070525028e-01,0.000000000000000000e+00
1.107671602481672402e-01,2.463820420577766401e-01,0.000000000000000000e+00
4.306911998837659183e-01,3.150466800085954255e-01,0.000000000000000000e+00
3.389894791917052452e-01,2.053917163170606019e-01,0.000000000000000000e+00
3.353152813946393973e-01,2.950096700221578883e-01,0.000000000000000000e+00
3.752667038614259098e-01,3.266443413719213318e-01,0.000000000000000000e+00
3.321754310448681302e-01,3.688283210146702795e-01,0.000000000000000000e+00
1.851174281567558588e-01,2.527362196225858559e-01,0.000000000000000000e+00
5.024807520765866009e-01,3.731719422407561715e-01,0.000000000000000000e+00
3.123430233828187186e-01,4.579720893894922984e-01,0.000000000000000000e+00
3.095313415669997958e-01,2.258740275958808219e-01,0.000000000000000000e+00
2.068382089590277695e-01,3.201260996639764822e-01,0.000000000000000000e+00
4.915399351225046010e-01,3.870747226390125473e-01,0.000000000000000000e+00
5.010211216591781147e-01,1.986650252061713806e-01,0.000000000000000000e+00
1.905657606295751427e-01,2.393538676796713449e-01,0.000000000000000000e+00
2.410309620900961958e-01,3.245487397297768806e-01,0.000000000000000000e+00
2.804601476320991993e-01,8.204825829480325017e-02,0.000000000000000000e+00
3.759625105700052372e-01,2.061620879311536481e-01,0.000000000000000000e+00
3.192983833765848933e-01,3.653908069957866322e-01,0.000000000000000000e+00
-6.046892285790989030e-02,3.673360294195383569e-01,0.000000000000000000e+00
2.172044973290850056e-01,3.573400489225130316e-01,0.000000000000000000e+00
2.447818889921820618e-01,3.707683287347525725e-01,0.000000000000000000e+00
2.126123409069766712e-01,1.148766588932218502e-01,0.000000000000000000e+00
2.444516383402515480e-01,2.593907467719134274e-01,0.000000000000000000e+00
4.011020054325943884e-01,2.607561614674094308e-01,0.000000000000000000e+00
2.810151870100200400e-01,3.436082375694958779e-01,0.000000000000000000e+00
2.274427715437992159e-01,2.960755789700099672e-01,0.000000000000000000e+00
1.842697126813283570e-01,2.138437260880401425e-01,0.000000000000000000e+00
1.947865770663896046e-01,3.390546126263880300e-01,0.000000000000000000e+00
3.132360092425236497e-01,2.021562610048541209e-01,0.000000000000000000e+00
5.781634890609420596e-01,3.706673372037578296e-01,0.000000000000000000e+00
2.953022142280484208e-01,4.199891344900267276e-01,0.000000000000000000e+00
2.966388048408595823e-01,2.771022503483220323e-01,0.000000000000000000e+00
3.785650646835790334e-01,3.436138899170328442e-01,0.000000000000000000e+00
2.339775613501656470e-01,1.390469377011528951e-01,0.000000000000000000e+00
4.196963735459585676e-01,4.386784596931012081e-01,0.000000000000000000e+00
3.742938456394954150e-01,2.292483529903852624e-01,0.000000000000000000e+00
1.910837129125568801e-01,5.219742195316383615e-01,0.000000000000000000e+00
3.049247233428143411e-01,3.777779653772725954e-01,0.000000000000000000e+00
3.550733322413806570e-01,3.521527551401353318e-01,0.000000000000000000e+00
3.626165364909099686e-01,4.066455041878110910e-01,0.000000000000000000e+00
2.504714043916355104e-01,3.036946542278959327e-01,0.000000000000000000e+00
3.579042030912341077e-01,3.002751120093606896e-01,0.000000000000000000e+00
3.692736055885726953e-01,3.178491242940319483e-01,0.000000000000000000e+00
1.203592526472046509e-01,2.773808812817169511e-01,0.000000000000000000e+00
2.962726543012919600e-01,2.125450060137137331e-01,0.000000000000000000e+00
4.218715191044292157e-01,3.077845235508570032e-01,0.000000000000000000e+00
2.344443105445267184e-01,3.335585817636912975e-01,0.000000000000000000e+00
4.420500597908432194e-01,1.572290863603429956e-01,0.000000000000000000e+00
2.893528479591355729e-01,3.972082178819251741e-01,0.000000000000000000e+00
2.481049630284088425e-01,2.770391795613110220e-01,0.000000000000000000e+00
4.892381899766869990e-01,1.244421467457155761e-01,0.000000000000000000e+00
3.266760993626514620e-01,2.534863172428354905e-01,0.000000000000000000e+00
1.907879166198829246e-01,3.411460369142667037e-01,0.000000000000000000e+00
1.881602233834041571e-01,1.756173153560856293e-01,0.000000000000000000e+00
2.647353999353731502e-01,3.458749092960097249e-01,0.000000000000000000e+00
2.443372218326508860e-01,3.543542525398662435e-01,0.000000000000000000e+00
2.398133991764596351e-01,4.397957407948976938e-01,0.000000000000000000e+00
6.660899327703005968e-01,6.578203472857425682e-01,0.000000000000000000e+00
5.574350154801506196e-01,8.117974118088805424e-01,0.000000000000000000e+00
7.184350290283595397e-01,6.690012737197097437e-01,0.000000000000000000e+00
6.951507069939075745e-01,5.552335091539764012e-01,0.000000000000000000e+00
8.394634329331228662e-01,7.794246506974576993e-01,0.000000000000000000e+00
7.810816972335596908e-01,6.734924431690810787e-01,0.000000000000000000e+00
7.429065595867027083e-01,7.767826497764246385e-01,0.000000000000000000e+00
7.193966662384474464e-01,5.734935431770379344e-01,0.000000000000000000e+00
7.599808480154285339e-01,7.072122180074394970e-01,0.000000000000000000e+00
6.455079379934266504e-01,6.850526778319429022e-01,0.000000000000000000e+00
5.767467762925937436e-01,6.847753323643764878e-01,0.000000000000000000e+00
7.745630499143840719e-01,7.244100833148228169e-01,0.000000000000000000e+00
7.816715142629792057e-01,6.177841486050591469e-01,0.000000000000000000e+00
7.553702027248728745e-01,6.649147609707108941e-01,0.000000000000000000e+00
8.216813024590420289e-01,5.100523296410335305e-01,0.000000000000000000e+00
6.162849069570441873e-01,6.333598659925009366e-01,0.000000000000000000e+00
8.475848595471451308e-01,6.057387062064710781e-01,0.000000000000000000e+00
6.600768075617808872e-01,6.327089173760618301e-01,0.000000000000000000e+00
6.389886810539239237e-01,6.667672077974237110e-01,0.000000000000000000e+00
7.052208603930194553e-01,5.805092862776157769e-01,0.000000000000000000e+00
6.252270596050860663e-01,7.669353024357928872e-01,0.000000000000000000e+00
6.288775635574991307e-01,8.277717450922013054e-01,0.000000000000000000e+00
7.690605128208830576e-01,7.595502352889323960e-01,0.000000000000000000e+00
5.139584760572376565e-01,5.781810484906284575e-01,0.000000000000000000e+00
6.720449877963358132e-01,7.260568254146834155e-01,0.000000000000000000e+00
8.800321309860204000e-01,7.213287459254643652e-01,0.000000000000000000e+00
7.188581731957361942e-01,6.924338203153566074e-01,0.000000000000000000e+00
6.243806242027227782e-01,7.688730262821847905e-01,0.000000000000000000e+00
6.427685669401429491e-01,8.043530529042395294e-01,0.000000000000000000e+00
7.608329554960087115e-01,7.188165534335343443e-01,0.000000000000000000e+00
6.973778128840444346e-01,9.293181655429607613e-01,0.000000000000000000e+00
9.336622289697606991e-01,5.259708764841647399e-01,0.000000000000000000e+00
9.155776173491269043e-01,8.374085610794375079e-01,0.000000000000000000e+00
8.074655404612065546e-01,5.564648069428639321e-01,0.000000000000000000e+00
6.214764190477161110e-01,7.236144392757637434e-01,0.000000000000000000e+00
8.634821295340697755e-01,9.030230919858395211e-01,0.000000000000000000e+00
7.274321219968714614e-01,7.661483388790860660e-01,0.000000000000000000e+00
6.184406699044426858e-01,6.155633726905476166e-01,0.000000000000000000e+00
5.783827439526857406e-01,6.859149358548243258e-01,0.000000000000000000e+00
7.113775617444778598e-01,8.778494632819544563e-01,0.000000000000000000e+00
5.318845533424672034e-01,6.761076001574617411e-01,0.000000000000000000e+00
7.256646840644517260e-01,8.265285506094629531e-01,0.000000000000000000e+00
5.848709822527502489e-01,8.649506625327012532e-01,0.000000000000000000e+00
6.694883454619059426e-01,7.131240178936464336e-01,0.000000000000000000e+00
6.861053524817573024e-01,4.986020211198554097e-01,0.000000000000000000e+00
8.885562911134652353e-01,7.812320484433562529e-01,0.000000000000000000e+00
7.623729839576566247e-01,6.902663949562819479e-01,0.000000000000000000e+00
6.515224994145453197e-01,7.561706528836712460e-01,0.000000000000000000e+00
7.224473782335305572e-01,5.620959709036215113e-01,0.000000000000000000e+00
7.117503077141058565e-01,7.511613020221279413e-01,0.000000000000000000e+00
7.713970734357176173e-01,7.854811602300693085e-01,0.000000000000000000e+00
7.808860144863150055e-01,5.958798569727149497e-01,0.000000000000000000e+00
6.739934435013913427e-01,7.741802739213555773e-01,0.000000000000000000e+00
6.286284887161830426e-01,7.494352173474816414e-01,0.000000000000000000e+00
5.293598584001917295e-01,8.235386058861924319e-01,0.000000000000000000e+00
6.147055301895836266e-01,7.532701452391742380e-01,0.000000000000000000e+00
7.763645984831042401e-01,7.731015120523285766e-01,0.000000000000000000e+00
8.761000327728896142e-01,7.163041566304919616e-01,0.000000000000000000e+00
6.464673501655407994e-01,6.811193411133982245e-01,0.000000000000000000e+00
7.882008310004484652e-01,6.246686624261216236e-01,0.000000000000000000e+00
5.696083330834402769e-01,8.257015598350718744e-01,0.000000000000000000e+00
6.487873043920276972e-01,7.936700186667763335e-01,0.000000000000000000e+00
7.211394489471543157e-01,7.603777352394984757e-01,0.000000000000000000e+00
4.819054029648159876e-01,5.404676291598234927e-01,0.000000000000000000e+00
5.644561727138275309e-01,9.305539962870146287e-01,0.000000000000000000e+00
7.969384358703575089e-01,7.214890483283317169e-01,0.000000000000000000e+00
7.104111124251346610e-01,7.875701362324333266e-01,0.000000000000000000e+00
6.988056956254005136e-01,8.509472981642036693e-01,0.000000000000000000e+00
7.714904222122974664e-01,8.917480651859183149e-01,0.000000000000000000e+00
8.990273219194820919e-01,7.408736531477215781e-01,0.000000000000000000e+00
6.712257048432171969e-01,5.863604380298250707e-01,0.000000000000000000e+00
6.028805003433803655e-01,8.107989665746178076e-01,0.000000000000000000e+00
6.136924413510300713e-01,4.885429948410954237e-01,0.000000000000000000e+00
6.103172631715800822e-01,6.709977145383704267e-01,0.000000000000000000e+00
6.149911702295546290e-01,6.635983984896395294e-01,0.000000000000000000e+00
7.342689066484477944e-01,6.519258622999382080e-01,0.000000000000000000e+00
5.973735734861861379e-01,6.139152129684700698e-01,0.000000000000000000e+00
8.293909942977106819e-01,8.971333017362805862e-01,0.000000000000000000e+00
5.988585836094599824e-01,5.165335783556374016e-01,0.000000000000000000e+00
9.069467209969240828e-01,7.775134951141058348e-01,0.000000000000000000e+00
5.935396278958346983e-01,6.781956345238190353e-01,0.000000000000000000e+00
6.959858103261166162e-01,9.089599255878206829e-01,0.000000000000000000e+00
7.793549609378883636e-01,5.586716790207979511e-01,0.000000000000000000e+00
6.447849012899528054e-01,6.456422616275335757e-01,0.000000000000000000e+00
8.221677444955742819e-01,7.573628172425251881e-01,0.000000000000000000e+00
7.286177891990343047e-01,7.437439161123868825e-01,0.000000000000000000e+00
8.382484580898679205e-01,8.260476844274272645e-01,0.000000000000000000e+00
6.369006527876723833e-01,8.127617615705199361e-01,0.000000000000000000e+00
6.105607935644836726e-01,6.342965153831532366e-01,0.000000000000000000e+00
7.826608270903748776e-01,7.469885164253140530e-01,0.000000000000000000e+00
6.642432743352707503e-01,7.305920546422568496e-01,0.000000000000000000e+00
6.719930288593105594e-01,5.752459611242592974e-01,0.000000000000000000e+00
5.984044047111242159e-01,7.346686270310367473e-01,0.000000000000000000e+00
7.132280547024075767e-01,8.006833942944702187e-01,0.000000000000000000e+00
8.873025848741460386e-01,9.163048106925572034e-01,0.000000000000000000e+00
5.014567530301756726e-01,7.575515332436253413e-01,0.000000000000000000e+00
8.146221772845200215e-01,6.646080260128931494e-01,0.000000000000000000e+00
6.462751219131114278e-01,6.882920118252168207e-01,0.000000000000000000e+00
7.606684737113638128e-01,6.390477541463329691e-01,0.000000000000000000e+00
7.154546139050447229e-01,6.495955057465051530e-01,0.000000000000000000e+00
6.942853171223168918e-01,8.174460027982729526e-01,0.000000000000000000e+00
6.899496754013682009e-01,7.710223531721726031e-01,0.000000000000000000e+00
8.310521695569730305e-01,7.727271255187504462e-01,0.000000000000000000e+00
7.145046963372347903e-01,5.035416378608970067e-01,0.000000000000000000e+00
7.987956663065379770e-01,6.615197812549764578e-01,0.000000000000000000e+00
7.274034415552104171e-01,4.578985387277562102e-01,0.000000000000000000e+00
7.318681340509720634e-01,7.001361895887266984e-01,0.000000000000000000e+00
5.765646184788643103e-01,6.637539769785226751e-01,0.000000000000000000e+00
6.972330610779562399e-01,8.292991632663204715e-01,0.000000000000000000e+00
8.074189759936131194e-01,7.294099179983905001e-01,0.000000000000000000e+00
6.934989428524247490e-01,5.677343516078868779e-01,0.000000000000000000e+00
7.974631580552753451e-01,7.170843339896720847e-01,0.000000000000000000e+00
5.552111083348842957e-01,6.052761656506187027e-01,0.000000000000000000e+00
8.137054108369072836e-01,5.044767050901164396e-01,0.000000000000000000e+00
5.459827713213820655e-01,7.090614569842976778e-01,0.000000000000000000e+00
7.452316218962956595e-01,5.814623848785891447e-01,0.000000000000000000e+00
6.857781857076461485e-01,7.585265889306660458e-01,0.000000000000000000e+00
6.364802614575434392e-01,9.158001780455640173e-01,0.000000000000000000e+00
5.040026411704900955e-01,7.637925188815773980e-01,0.000000000000000000e+00
6.724641840057800080e-01,7.024002237701679752e-01,0.000000000000000000e+00
7.367882435134356367e-01,7.564715016941220282e-01,0.000000000000000000e+00
5.285201264603511806e-01,6.786518546766193705e-01,0.000000000000000000e+00
7.538051511807857263e-01,6.279716425501550292e-01,0.000000000000000000e+00
7.496772758586742746e-01,7.239832620828371423e-01,0.000000000000000000e+00
7.554420590988483175e-01,6.894004580343864319e-01,0.000000000000000000e+00
6.907115170135642579e-01,5.266330285348045370e-01,0.000000000000000000e+00
7.844451118198498829e-01,8.794652117186081419e-01,0.000000000000000000e+00
6.529762444106246289e-01,6.669599888286835698e-01,0.000000000000000000e+00
6.579191461157557486e-01,6.765263357188516791e-01,0.000000000000000000e+00
6.868751552624924317e-01,7.941470308006616241e-01,0.000000000000000000e+00
6.165602455414531669e-01,6.243696172638837361e-01,0.000000000000000000e+00
5.029614317335736606e-01,6.144235721798235739e-01,0.000000000000000000e+00
5.907855848197317572e-01,6.644082658689022258e-01,0.000000000000000000e+00
7.861986577907045248e-01,5.317238071242610387e-01,0.000000000000000000e+00
6.672673938326921794e-01,5.809680544631822263e-01,0.000000000000000000e+00
6.342509883205421639e-01,7.525891650627347662e-01,0.000000000000000000e+00
4.681782962221325839e-01,6.334135566281720031e-01,0.000000000000000000e+00
5.577312512183829618e-01,6.863905516982763411e-01,0.000000000000000000e+00
7.789779045250861955e-01,5.404995641049994415e-01,0.000000000000000000e+00
6.752056391314775752e-01,7.383511574379363340e-01,0.000000000000000000e+00
6.020162008115650387e-01,6.474584760686852292e-01,0.000000000000000000e+00
6.925619954127731903e-01,6.341271628886659961e-01,0.000000000000000000e+00
7.669668979774897366e-01,6.723659577316279945e-01,0.000000000000000000e+00
6.269436693226955182e-01,7.269981387737828316e-01,0.000000000000000000e+00
7.708269579801512172e-01,5.992759713307609371e-01,0.000000000000000000e+00
5.740993018940666603e-01,5.604934223201812893e-01,0.000000000000000000e+00
6.593856705134627516e-01,6.315687889102865604e-01,0.000000000000000000e+00
6.039185922737595469e-01,6.540260096386032451e-01,0.000000000000000000e+00
7.791625626529008475e-01,5.641838803517250645e-01,0.000000000000000000e+00
7.453891558743949153e-01,6.442670668525561917e-01,0.000000000000000000e+00
6.212868181654611632e-01,6.658226244588810738e-01,0.000000000000000000e+00
6.090550473925527841e-01,5.721996680396164159e-01,0.000000000000000000e+00
8.419115465427235989e-01,7.589699267152022477e-01,0.000000000000000000e+00
6.887439820265456314e-01,8.418187946324676707e-01,0.000000000000000000e+00
8.702343973657369336e-01,7.936894569847310343e-01,0.000000000000000000e+00
8.465255142952250456e-01,7.210229074730637455e-01,0.000000000000000000e+00
6.710898035887085111e-01,8.226628485726650286e-01,0.000000000000000000e+00
7.380559932396409950e-01,7.091333290205745765e-01,0.000000000000000000e+00
5.434106889424742404e-01,7.075310950321821446e-01,0.000000000000000000e+00
6.871219709117748486e-01,8.007367180793241168e-01,0.000000000000000000e+00
6.341056498710284650e-01,6.185440036181921730e-01,0.000000000000000000e+00
8.127005587163103062e-01,8.739719026988657102e-01,0.000000000000000000e+00
7.166656174414728353e-01,4.920467514072796034e-01,0.000000000000000000e+00
5.464426857576962782e-01,7.753008307874671434e-01,0.000000000000000000e+00
7.421559830999556739e-01,7.497028732347255087e-01,0.000000000000000000e+00
5.426117298702848313e-01,4.477352081756679203e-01,0.000000000000000000e+00
6.825217375458351166e-01,7.417552138951816199e-01,0.000000000000000000e+00
6.820164575594149792e-01,5.293238543468292701e-01,0.000000000000000000e+00
6.516279295686615569e-01,8.226517721418762363e-01,0.000000000000000000e+00
7.386303968119203311e-01,5.423834213422165096e-01,0.000000000000000000e+00
5.310093716706327793e-01,5.569817892091321054e-01,0.000000000000000000e+00
6.715746633057572135e-01,6.571417360859002077e-01,0.000000000000000000e+00
6.132674449906944103e-01,6.626872171188102900e-01,0.000000000000000000e+00
7.667468837144348903e-01,6.614908562577762607e-01,0.000000000000000000e+00
6.813068702045967928e-01,6.684168214658292584e-01,0.000000000000000000e+00
7.185888055904068317e-01,6.794476932943729341e-01,0.000000000000000000e+00
6.639609186645784034e-01,6.806433540293299611e-01,0.000000000000000000e+00
7.186064764741149080e-01,7.196798029428371768e-01,0.000000000000000000e+00
7.448394315240209895e-01,6.545760047049260510e-01,0.000000000000000000e+00
6.672494452621173799e-01,8.867328404754656335e-01,0.000000000000000000e+00
9.720571122236565387e-01,6.611811782551406669e-01,0.000000000000000000e+00
6.140846390098856356e-01,7.001472089901923379e-01,0.000000000000000000e+00
6.980985981993060863e-01,6.293673224694944501e-01,0.000000000000000000e+00
8.560374311350906762e-01,7.554689526933453525e-01,0.000000000000000000e+00
7.616887506518408291e-01,5.496369423907149221e-01,0.000000000000000000e+00
6.306123869812378935e-01,6.811434952092427775e-01,0.000000000000000000e+00
8.118573729406896033e-01,7.640061680888269313e-01,0.000000000000000000e+00
7.123635202895314267e-01,6.823161452582027220e-01,0.000000000000000000e+00
6.900718196806259197e-01,7.053002869392666074e-01,0.000000000000000000e+00
8.054373742249851809e-01,6.391111288642623567e-01,0.000000000000000000e+00
8.434223642356343253e-01,5.815656932822327319e-01,0.000000000000000000e+00
6.949369917478318559e-01,7.457974323691984875e-01,0.000000000000000000e+00
8.697940404861885799e-01,5.598922034094496736e-01,0.000000000000000000e+00
7.681111133411805403e-01,8.396313228150421581e-01,0.000000000000000000e+00
5.114533593650282262e-01,4.888278544879303134e-01,0.000000000000000000e+00
7.329809703273473254e-01,7.496896764076081965e-01,0.000000000000000000e+00
8.277566064982367910e-01,7.564080485304898183e-01,0.000000000000000000e+00
7.268528255852111375e-01,6.515294133642418606e-01,0.000000000000000000e+00
6.162543832968527813e-01,6.438471327845655123e-01,0.000000000000000000e+00
8.225871222691432116e-01,7.374250988060712109e-01,0.000000000000000000e+00
7.183400179793515417e-01,6.541406145520615167e-01,0.000000000000000000e+00
8.266766010648618490e-01,5.795367039456952307e-01,0.000000000000000000e+00
8.233487488408675059e-01,5.760878440350745144e-01,0.000000000000000000e+00
9.608619109924481094e-01,8.429745803700958717e-01,0.000000000000000000e+00
8.211319890349344508e-01,6.574261417426549015e-01,0.000000000000000000e+00
6.128404530388325000e-01,7.466948176123586745e-01,0.000000000000000000e+00
7.105875888543231600e-01,7.288311779707558058e-01,0.000000000000000000e+00
7.877280812735617532e-01,7.752911149863025431e-01,0.000000000000000000e+00
5.869931853085376128e-01,7.450982102200720547e-01,0.000000000000000000e+00
6.842871533123501271e-01,7.330283341728559554e-01,0.000000000000000000e+00
5.578228847790541733e-01,7.212916123683877911e-01,0.000000000000000000e+00
6.830086824204286700e-01,6.974858750996136836e-01,0.000000000000000000e+00
7.087104585200489915e-01,4.558813632694359574e-01,0.000000000000000000e+00
6.600682853698051078e-01,9.272082125262481878e-01,0.000000000000000000e+00
6.634145516227689665e-01,6.741428575442087734e-01,0.000000000000000000e+00
7.480883414623608063e-01,8.073628758249051796e-01,0.000000000000000000e+00
8.710659689967775732e-01,6.037747504822789102e-01,0.000000000000000000e+00
7.229852072092396442e-01,5.952953457776053448e-01,0.000000000000000000e+00
7.574088330918392620e-01,5.542155405886208808e-01,0.000000000000000000e+00
5.723621242633832873e-01,6.933652143317129424e-01,0.000000000000000000e+00
6.329886825184101173e-01,7.776396849952142976e-01,0.000000000000000000e+00
8.490228924908443942e-01,7.002075661645540405e-01,0.000000000000000000e+00
5.761030842454641920e-01,6.550571022579458891e-01,0.000000000000000000e+00
6.548675205822998002e-01,7.694305315215668184e-01,0.000000000000000000e+00
7.094208676800903834e-01,6.295720594070466358e-01,0.000000000000000000e+00
6.282529175886412132e-01,5.981225444151152537e-01,0.000000000000000000e+00
7.535570605188661730e-01,8.223496899555503559e-01,0.000000000000000000e+00
6.898666640861161881e-01,7.994267578290964460e-01,0.000000000000000000e+00
8.078570832026142901e-01,6.535097017403102004e-01,0.000000000000000000e+00
7.504758019758734910e-01,6.709752917955603690e-01,0.000000000000000000e+00
6.653486673190416312e-01,4.896237586501323014e-01,0.000000000000000000e+00
5.714463036657264627e-01,8.031236656014280051e-01,0.000000000000000000e+00
7.370425030636988950e-01,5.094247688143275221e-01,0.000000000000000000e+00
6.611099017692347868e-01,7.294075941240769634e-01,0.000000000000000000e+00
4.788455927581412030e-01,7.143634186401878194e-01,0.000000000000000000e+00
8.081675087330307816e-01,6.135465298289430880e-01,0.000000000000000000e+00
6.975428846695155283e-01,7.068590005166377477e-01,0.000000000000000000e+00
7.467000345506303871e-01,6.691529480986104783e-01,0.000000000000000000e+00
6.895298221569642338e-01,6.791560269947229944e-01,0.000000000000000000e+00
7.683408894498646724e-01,7.315740247274392649e-01,0.000000000000000000e+00
6.422311407271006356e-01,4.651154309673348752e-01,0.000000000000000000e+00
7.802355529856648264e-01,7.322254645321989441e-01,0.000000000000000000e+00
6.269424945091558454e-01,6.317172682759164548e-01,0.000000000000000000e+00
6.103177001549908720e-01,6.502673672613118461e-01,0.000000000000000000e+00
8.810707331144316257e-01,8.103749198482426142e-01,0.000000000000000000e+00
8.338074670693156332e-01,8.034512027800966294e-01,0.000000000000000000e+00
7.162339121924677920e-01,8.099369296379196337e-01,0.000000000000000000e+00
5.790361967627306594e-01,5.850642150882350290e-01,0.000000000000000000e+00
5.711558495903573673e-01,6.398546788864603041e-01,0.000000000000000000e+00
8.492981084332709152e-01,6.325276385361502385e-01,0.000000000000000000e+00
3.571240236255294742e-01,6.634119539029948998e-01,1.000000000000000000e+00
1.938942199075140982e-01,5.480339472665105571e-01,1.000000000000000000e+00
3.003981931162738039e-01,6.308884478947041075e-01,1.000000000000000000e+00
4.142816230389201326e-01,7.789789164363606355e-01,1.000000000000000000e+00
2.965068513085125645e-01,6.553369971361687751e-01,1.000000000000000000e+00
4.791155868608443225e-01,7.022553107990354704e-01,1.000000000000000000e+00
3.288452834950733039e-01,8.623060496266764519e-01,1.000000000000000000e+00
3.623017218044310428e-01,6.385338599084939837e-01,1.000000000000000000e+00
5.197238773875190176e-01,6.654753437045756170e-01,1.000000000000000000e+00
3.500762642513746692e-01,8.102557836104421485e-01,1.000000000000000000e+00
3.649111668800348873e-01,7.972679669178082129e-01,1.000000000000000000e+00
2.594213592523431089e-01,8.459313206670817653e-01,1.000000000000000000e+00
2.686331146356680799e-01,7.900213326912055578e-01,1.000000000000000000e+00
3.237529179725622264e-01,6.991481961574392834e-01,1.000000000000000000e+00
1.966431532921917302e-01,7.054214052645739752e-01,1.000000000000000000e+00
1.501720008308502774e-01,7.911105266908029510e-01,1.000000000000000000e+00
2.152096688704018268e-01,7.176261493778040013e-01,1.000000000000000000e+00
4.068603968825151851e-01,7.128948334471272297e-01,1.000000000000000000e+00
2.248336958579528755e-01,6.769597716735082926e-01,1.000000000000000000e+00
2.957045635246373649e-01,6.171657187352932450e-01,1.000000000000000000e+00
3.667487265163577037e-01,7.373432485004260961e-01,1.000000000000000000e+00
2.368433191364076040e-01,7.484336114031733267e-01,1.000000000000000000e+00
4.543323808734830438e-01,6.943869954577772674e-01,1.000000000000000000e+00
5.506401479188600678e-01,7.925683590840001402e-01,1.000000000000000000e+00
2.652074208247108267e-01,6.465994495751368198e-01,1.000000000000000000e+00
4.926974193550265890e-01,6.056030178790891005e-01,1.000000000000000000e+00
3.329209742760149693e-01,7.671831675875132595e-01,1.000000000000000000e+00
3.592432849118920579e-01,5.576867514696510764e-01,1.000000000000000000e+00
3.398731378691219329e-01,5.630701680205338899e-01,1.000000000000000000e+00
5.090876057585230763e-01,7.314472597791763508e-01,1.000000000000000000e+00
2.065148965387239854e-01,7.616997812183956551e-01,1.000000000000000000e+00
3.657212065123381928e-01,7.132407074800173330e-01,1.000000000000000000e+00
1.937397455078885833e-01,8.151195766943655219e-01,1.000000000000000000e+00
3.221043082010652259e-01,6.822106609388347565e-01,1.000000000000000000e+00
3.680725427867030941e-01,8.504877264994855635e-01,1.000000000000000000e+00
2.342848370566329164e-01,7.783353463371164294e-01,1.000000000000000000e+00
4.904451220745798534e-01,7.343234177520353567e-01,1.000000000000000000e+00
2.059512773395285601e-01,6.751105820409073477e-01,1.000000000000000000e+00
3.281041857076071322e-01,5.281828813541993295e-01,1.000000000000000000e+00
3.360062334744393087e-01,6.096066402491373548e-01,1.000000000000000000e+00
3.334968864009990597e-01,6.435943549092466576e-01,1.000000000000000000e+00
2.974325164460354110e-01,8.002893197420991589e-01,1.000000000000000000e+00
4.871898008311903450e-01,6.793725769313152529e-01,1.000000000000000000e+00
2.636120352991478399e-01,8.577275541008277937e-01,1.000000000000000000e+00
2.794938671462872115e-01,6.304790959579601450e-01,1.000000000000000000e+00
2.168087781595553210e-01,6.369277827157960870e-01,1.000000000000000000e+00
1.820119314267553134e-01,6.758216717759442105e-01,1.000000000000000000e+00
1.663595225519531040e-01,7.896761005305468206e-01,1.000000000000000000e+00
2.085479311049966700e-01,8.036592237557174112e-01,1.000000000000000000e+00
3.512506200983970261e-01,9.054843605903971637e-01,1.000000000000000000e+00
1.883008138124752651e-01,7.240886626920566282e-01,1.000000000000000000e+00
4.331429518109378707e-01,6.123269050030241134e-01,1.000000000000000000e+00
2.969143013808753229e-01,9.815383208749897115e-01,1.000000000000000000e+00
4.927489376437667046e-01,7.786117114072577117e-01,1.000000000000000000e+00
3.486320244057623530e-01,7.827967928618015936e-01,1.000000000000000000e+00
4.393712290614218974e-01,6.963150862880618241e-01,1.000000000000000000e+00
3.905555805596863106e-01,5.369914403045522588e-01,1.000000000000000000e+00
2.399656368939500350e-01,8.173314493144010484e-01,1.000000000000000000e+00
3.397844739884092191e-01,7.333070255958472616e-01,1.000000000000000000e+00
3.007862532714777326e-01,7.416794862005279265e-01,1.000000000000000000e+00
2.817082296696756250e-01,7.469695511663515530e-01,1.000000000000000000e+00
2.815966006861463367e-01,6.026078875154133874e-01,1.000000000000000000e+00
1.609768862735626027e-01,8.273703350104794074e-01,1.000000000000000000e+00
2.524910381977759632e-01,6.610192402376657839e-01,1.000000000000000000e+00
4.682000757039436745e-01,6.215799769536525243e-01,1.000000000000000000e+00
1.225789642249131561e-01,7.095930871203831591e-01,1.000000000000000000e+00
3.709020988070165226e-01,7.114475365773179627e-01,1.000000000000000000e+00
4.200445294601448110e-01,6.503635217592063089e-01,1.000000000000000000e+00
1.730280327015671360e-01,6.650707620442491974e-01,1.000000000000000000e+00
2.489167328948477809e-01,6.609345192033124761e-01,1.000000000000000000e+00
1.573228367162205765e-01,7.715160235410547518e-01,1.000000000000000000e+00
3.780060653636020396e-01,7.380124480405789722e-01,1.000000000000000000e+00
3.415911488711775856e-01,6.875894503558537263e-01,1.000000000000000000e+00
2.727178934428016177e-01,7.120362148564322036e-01,1.000000000000000000e+00
4.012197722211541806e-01,6.644773815358778757e-01,1.000000000000000000e+00
4.234207123922132388e-01,7.706309978616239231e-01,1.000000000000000000e+00
3.562805730451338304e-01,7.345581759051323933e-01,1.000000000000000000e+00
4.288802194579662830e-01,4.885853147574591993e-01,1.000000000000000000e+00
3.063526405729737334e-01,6.574598585560913477e-01,1.000000000000000000e+00
3.385741792125994132e-01,7.884724075644119479e-01,1.000000000000000000e+00
1.749101788446240369e-01,6.719964783096048500e-01,1.000000000000000000e+00
4.322694054784170792e-01,7.127915268106704838e-01,1.000000000000000000e+00
3.720825767461562461e-01,7.332703180412460942e-01,1.000000000000000000e+00
3.972965913480011602e-01,7.448900176012741570e-01,1.000000000000000000e+00
2.865500903226321783e-01,7.510574518422709067e-01,1.000000000000000000e+00
4.071414234750195260e-01,8.185565757416437549e-01,1.000000000000000000e+00
4.547406198399303046e-01,6.854099510277803509e-01,1.000000000000000000e+00
3.775541266602362445e-01,6.321442258322760299e-01,1.000000000000000000e+00
4.147617511518130184e-01,7.623826889810253471e-01,1.000000000000000000e+00
3.657754185620312737e-01,4.350998115602471294e-01,1.000000000000000000e+00
1.911578154391511686e-01,8.214861952933821820e-01,1.000000000000000000e+00
2.955917222288350632e-01,8.206860358931861166e-01,1.000000000000000000e+00
2.924967517607217071e-01,7.321319892680979713e-01,1.000000000000000000e+00
3.791593894124552500e-01,6.275980313626023932e-01,1.000000000000000000e+00
1.474564351704375220e-01,7.518071393832588267e-01,1.000000000000000000e+00
2.312471642170642050e-01,6.052831604920118069e-01,1.000000000000000000e+00
4.464694978077813348e-01,6.563054455512182805e-01,1.000000000000000000e+00
4.518082914063987765e-01,6.092727896164075174e-01,1.000000000000000000e+00
2.887845161768745617e-01,5.452052775471801782e-01,1.000000000000000000e+00
3.908815836281994693e-01,7.313211621932587114e-01,1.000000000000000000e+00
2.169801484081488874e-01,6.509947003448518510e-01,1.000000000000000000e+00
2.959882340152626412e-01,7.361959052470224973e-01,1.000000000000000000e+00
3.624415219035671543e-01,6.465433047277648893e-01,1.000000000000000000e+00
2.924285932709664304e-01,6.141203702797419783e-01,1.000000000000000000e+00
2.121899121846524405e-01,6.802387032690870861e-01,1.000000000000000000e+00
2.610137607505680912e-01,7.203343270834537959e-01,1.000000000000000000e+00
3.041610394183243415e-01,7.328873814778420481e-01,1.000000000000000000e+00
2.740043671478909482e-01,7.895412682036323515e-01,1.000000000000000000e+00
3.508507463200076781e-01,7.564962462784605712e-01,1.000000000000000000e+00
3.380586222266214191e-01,7.872144192560887044e-01,1.000000000000000000e+00
3.759160268921111214e-01,5.990074307696946487e-01,1.000000000000000000e+00
2.443689007784418388e-01,6.162068921961443291e-01,1.000000000000000000e+00
3.458403856859728620e-01,7.694373499193325472e-01,1.000000000000000000e+00
3.247071118333786921e-01,7.554170902691416112e-01,1.000000000000000000e+00
3.363328218029592587e-01,8.334827360566943177e-01,1.000000000000000000e+00
2.842058043210838880e-01,5.991501627742166214e-01,1.000000000000000000e+00
3.042013562257391279e-01,6.826706766509083035e-01,1.000000000000000000e+00
2.452247032995417131e-01,7.845062929822006481e-01,1.000000000000000000e+00
2.134213872740022278e-01,6.061146771310257364e-01,1.000000000000000000e+00
3.510773450923508898e-01,6.911634188954191016e-01,1.000000000000000000e+00
1.942721549900887634e-01,6.922917692410857082e-01,1.000000000000000000e+00
3.888539437470210913e-01,7.061522395819687103e-01,1.000000000000000000e+00
3.721730428039064509e-01,6.277966525852295421e-01,1.000000000000000000e+00
3.232989079512076924e-01,7.786207883845600586e-01,1.000000000000000000e+00
3.499565794352764714e-01,4.935608963635831348e-01,1.000000000000000000e+00
3.112033678611739740e-01,7.601197679236878502e-01,1.000000000000000000e+00
2.162636288407218110e-01,8.004050251184181564e-01,1.000000000000000000e+00
1.092653878673819912e-01,6.147452218756371822e-01,1.000000000000000000e+00
4.571239938940674929e-01,7.567026401247541889e-01,1.000000000000000000e+00
3.495981693864699258e-01,5.499675061373476836e-01,1.000000000000000000e+00
2.545546724591402077e-01,8.092727221922579872e-01,1.000000000000000000e+00
2.542170659794641407e-01,6.610914858083991597e-01,1.000000000000000000e+00
3.792997140416419777e-01,6.715055804290150920e-01,1.000000000000000000e+00
2.999756280642171813e-01,8.031580596870054878e-01,1.000000000000000000e+00
3.221811154164291313e-01,7.464360236086539091e-01,1.000000000000000000e+00
2.965600231990195845e-01,7.349921737297230306e-01,1.000000000000000000e+00
2.779048329737650036e-01,6.819936171687064341e-01,1.000000000000000000e+00
4.584341716970033453e-01,6.785051608042170779e-01,1.000000000000000000e+00
2.283977008982526757e-01,9.110156435968632671e-01,1.000000000000000000e+00
1.981116979111583465e-01,8.045306472433501055e-01,1.000000000000000000e+00
3.403625999835026006e-01,6.494322867848836278e-01,1.000000000000000000e+00
2.814877604585035997e-01,6.548383815100967675e-01,1.000000000000000000e+00
7.902270407478859116e-02,5.675509992663951842e-01,1.000000000000000000e+00
3.485608407873279635e-01,8.863254380879961314e-01,1.000000000000000000e+00
3.395414917836457325e-01,6.008766048190773423e-01,1.000000000000000000e+00
2.576474739411582782e-01,7.322290779405252747e-01,1.000000000000000000e+00
4.305476386779077957e-01,6.773599559743700427e-01,1.000000000000000000e+00
4.477058416992789613e-01,6.504199674074934157e-01,1.000000000000000000e+00
2.099173236584323254e-01,5.239365577332234514e-01,1.000000000000000000e+00
1.395134659306481173e-01,6.296727936146796489e-01,1.000000000000000000e+00
1.960775384051871573e-01,7.818878983176199560e-01,1.000000000000000000e+00
2.992018433265094535e-01,6.080809225287528985e-01,1.000000000000000000e+00
2.799559134405913419e-01,5.964155143840347284e-01,1.000000000000000000e+00
5.464849592291494140e-01,6.050810160643258495e-01,1.000000000000000000e+00
3.019289012057256305e-01,5.366183400577180240e-01,1.000000000000000000e+00
2.686436737527402863e-01,5.941834070623294162e-01,1.000000000000000000e+00
2.198021323068337085e-01,8.352636793127102832e-01,1.000000000000000000e+00
2.643497826432216202e-01,5.754046427069303693e-01,1.000000000000000000e+00
4.207897022646891472e-01,6.561980013305012127e-01,1.000000000000000000e+00
2.885594712067392487e-01,8.221310302658283442e-01,1.000000000000000000e+00
3.564648690579956258e-01,6.826665448453995699e-01,1.000000000000000000e+00
3.916630905858897171e-01,5.968878524744273273e-01,1.000000000000000000e+00
3.193202207215170563e-01,9.542330353846923963e-01,1.000000000000000000e+00
1.708047435681695481e-01,6.968081039641368379e-01,1.000000000000000000e+00
3.831267187110550254e-01,8.092561189136308064e-01,1.000000000000000000e+00
2.970913827266262741e-01,5.003272062343688820e-01,1.000000000000000000e+00
3.792961444844795693e-01,8.037036270079740419e-01,1.000000000000000000e+00
3.403710640814641697e-01,6.887631964145009000e-01,1.000000000000000000e+00
3.199758235128850603e-01,6.956428098462280607e-01,1.000000000000000000e+00
3.486904739049587754e-01,7.788126206535395113e-01,1.000000000000000000e+00
2.713384086951887153e-01,7.252144661662086600e-01,1.000000000000000000e+00
3.871887110945423371e-01,7.736139498282104121e-01,1.000000000000000000e+00
3.467353974486634405e-01,7.815040302055814569e-01,1.000000000000000000e+00
2.420537133598235635e-01,6.670358156073694644e-01,1.000000000000000000e+00
3.937380532223699325e-01,7.274422420911689224e-01,1.000000000000000000e+00
2.344403058813796792e-01,6.375177264521032505e-01,1.000000000000000000e+00
2.939019293836324653e-01,7.336103048590000286e-01,1.000000000000000000e+00
3.602811898470884011e-01,6.519256923078250443e-01,1.000000000000000000e+00
3.083860774000117266e-01,5.832723717972071453e-01,1.000000000000000000e+00
3.338854681828694604e-01,8.990974781544263106e-01,1.000000000000000000e+00
4.720223726366739592e-01,7.357802377283769735e-01,1.000000000000000000e+00
1.735101717805294930e-01,6.456460249970592535e-01,1.000000000000000000e+00
2.322686828537310622e-01,8.121130439394603773e-01,1.000000000000000000e+00
1.932058921496284665e-01,5.101855790857129369e-01,1.000000000000000000e+00
2.660265851523273550e-01,6.114586268990207518e-01,1.000000000000000000e+00
3.824048448387261101e-01,7.101015064087927708e-01,1.000000000000000000e+00
4.180399049055505412e-01,8.147300537543683552e-01,1.000000000000000000e+00
3.009633545928999121e-01,8.223594275198924386e-01,1.000000000000000000e+00
3.511440330145314537e-01,7.266249573744583135e-01,1.000000000000000000e+00
3.929869096098191905e-01,5.841787173943555622e-01,1.000000000000000000e+00
2.946299032488887693e-01,5.884931015048129321e-01,1.000000000000000000e+00
2.805566351283796389e-01,8.056318984510297820e-01,1.000000000000000000e+00
2.432185278954767105e-01,7.013709680049198258e-01,1.000000000000000000e+00
3.485717804291384447e-01,6.849931243851831164e-01,1.000000000000000000e+00
1.352369090836827992e-01,9.371064622787526055e-01,1.000000000000000000e+00
3.251555546200781688e-01,6.465691661577397387e-01,1.000000000000000000e+00
3.987667090924390534e-01,6.389305611946664021e-01,1.000000000000000000e+00
1.416318655950427052e-01,4.847273291083097346e-01,1.000000000000000000e+00
3.695330375215523100e-01,5.742228345769203601e-01,1.000000000000000000e+00
4.223350095009388294e-01,7.318132810703171787e-01,1.000000000000000000e+00
3.164410800551725189e-01,5.961354553063124007e-01,1.000000000000000000e+00
7.621836214102578611e-02,8.453056449726530364e-01,1.000000000000000000e+00
2.927234295603227121e-01,5.390507250835944175e-01,1.000000000000000000e+00
4.479460936840792273e-01,7.415970779707656835e-01,1.000000000000000000e+00
3.780630293152626997e-01,6.842310215048064137e-01,1.000000000000000000e+00
3.169462027280867678e-01,8.210589326212971439e-01,1.000000000000000000e+00
2.096517201565613053e-01,5.924758703190189379e-01,1.000000000000000000e+00
3.760903031220053094e-01,7.080933629140202523e-01,1.000000000000000000e+00
2.995555649658852571e-01,9.051562837038066300e-01,1.000000000000000000e+00
3.197442978052940088e-01,4.961353901321996496e-01,1.000000000000000000e+00
4.312958015988920257e-01,6.654945271451175870e-01,1.000000000000000000e+00
2.094427705642520343e-01,6.723046842435300707e-01,1.000000000000000000e+00
4.578138288414315138e-01,6.383468224559433191e-01,1.000000000000000000e+00
4.166392876968550429e-01,8.535520832682275127e-01,1.000000000000000000e+00
1.998109994821341551e-01,7.337667834437254788e-01,1.000000000000000000e+00
2.512654399111197701e-01,7.832235031887272436e-01,1.000000000000000000e+00
1.997779599101849879e-01,6.311483866202258763e-01,1.000000000000000000e+00
3.516226906809410968e-01,6.138243435832335670e-01,1.000000000000000000e+00
1.752192082411639928e-01,7.359938109481919399e-01,1.000000000000000000e+00
3.436720913814397260e-01,6.087874995494164665e-01,1.000000000000000000e+00
3.683090824412562081e-01,6.460633302456476601e-01,1.000000000000000000e+00
3.606433841196490797e-01,6.601825628460276096e-01,1.000000000000000000e+00
4.464956438924011506e-01,7.353447335333990198e-01,1.000000000000000000e+00
2.652093301487648547e-01,6.777398041275165541e-01,1.000000000000000000e+00
3.310914430643081552e-01,6.428130862935343970e-01,1.000000000000000000e+00
3.053973306447244074e-01,9.464731510049478880e-01,1.000000000000000000e+00
2.921489223851745920e-01,5.808535812890283090e-01,1.000000000000000000e+00
3.684335479644802458e-01,7.035283691018051622e-01,1.000000000000000000e+00
2.809014247236958361e-01,7.592168603224298540e-01,1.000000000000000000e+00
4.962187217664215666e-02,8.178361355434079494e-01,1.000000000000000000e+00
4.620003316741259636e-01,6.836347131481161910e-01,1.000000000000000000e+00
2.117427018598644906e-01,6.692672507241926860e-01,1.000000000000000000e+00
1.232587349316124348e-01,7.517981677742564539e-01,1.000000000000000000e+00
4.227350782365215109e-01,6.609692879941206911e-01,1.000000000000000000e+00
3.105816639827560510e-01,6.450005266374723156e-01,1.000000000000000000e+00
2.645223047559405738e-01,9.624370960281923848e-01,1.000000000000000000e+00
1.920186525711189418e-01,7.048769959503078386e-01,1.000000000000000000e+00
2.408776030470253793e-01,6.307108429778871539e-01,1.000000000000000000e+00
3.092854566237151492e-01,9.307209055191479896e-01,1.000000000000000000e+00
2.159164004560365502e-01,5.877520880889092192e-01,1.000000000000000000e+00
4.666093466103078402e-01,4.808502120633026955e-01,1.000000000000000000e+00
1.492490138780362408e-01,8.481896786494736995e-01,1.000000000000000000e+00
3.308460996464500092e-01,6.576950272626485017e-01,1.000000000000000000e+00
3.943422901219575394e-01,6.019105360667669213e-01,1.000000000000000000e+00
4.029828159251147568e-01,7.274895514674859509e-01,1.000000000000000000e+00
2.514635065066378461e-01,6.568641146877720605e-01,1.000000000000000000e+00
2.524419665470497565e-01,6.339027765456969332e-01,1.000000000000000000e+00
2.640566961640076205e-01,6.851440802808129726e-01,1.000000000000000000e+00
2.386286986609260641e-01,5.693740269412358446e-01,1.000000000000000000e+00
2.164652262959005646e-01,7.170623604812812468e-01,1.000000000000000000e+00
7.492061918692372036e-01,3.532775222272740434e-01,1.000000000000000000e+00
7.266238681968565372e-01,2.715966601347485354e-01,1.000000000000000000e+00
8.604540941262804887e-01,4.176494484210889757e-01,1.000000000000000000e+00
6.456684328988417931e-01,2.700212228859268926e-01,1.000000000000000000e+00
6.534299535069429954e-01,3.366870701280254008e-01,1.000000000000000000e+00
7.814602339267141540e-01,1.945570801657602877e-01,1.000000000000000000e+00
6.682291701000999673e-01,1.118456410327014761e-01,1.000000000000000000e+00
7.223797379194746293e-01,4.108090307412434194e-01,1.000000000000000000e+00
7.106629424041421839e-01,2.641563508075676081e-01,1.000000000000000000e+00
7.861206309555346383e-01,2.453263009542542283e-01,1.000000000000000000e+00
7.213288228435510430e-01,2.401578906553714643e-01,1.000000000000000000e+00
7.982228109905710189e-01,2.309487490300439205e-01,1.000000000000000000e+00
7.700025714628629947e-01,4.049119055773350295e-01,1.000000000000000000e+00
6.959132536753138698e-01,2.852172833254604245e-01,1.000000000000000000e+00
5.125599756696863629e-01,4.176163791848024331e-01,1.000000000000000000e+00
8.428978400444375740e-01,2.122929025106341239e-01,1.000000000000000000e+00
7.588967138562394688e-01,3.584105299891456320e-01,1.000000000000000000e+00
6.420671547717223815e-01,2.451545298972410691e-01,1.000000000000000000e+00
7.641721252404923836e-01,3.112963336174445761e-01,1.000000000000000000e+00
7.734808990239538939e-01,3.472037470105443502e-01,1.000000000000000000e+00
5.800513974062342371e-01,3.317184862554288793e-01,1.000000000000000000e+00
8.193896976608399108e-01,3.258100526783689888e-01,1.000000000000000000e+00
7.488031915079939038e-01,3.119571527205158845e-01,1.000000000000000000e+00
7.712795715200440050e-01,2.565402714718505450e-01,1.000000000000000000e+00
7.625530394276981427e-01,1.996268586432128345e-01,1.000000000000000000e+00
7.244807702784338277e-01,3.505819061956205185e-01,1.000000000000000000e+00
7.482212716195011382e-01,2.162380709107202259e-01,1.000000000000000000e+00
5.862239278240191087e-01,4.281896327565304361e-01,1.000000000000000000e+00
4.038434031750955389e-01,3.262546827729166932e-01,1.000000000000000000e+00
6.312980231489873084e-01,2.210785069913455136e-01,1.000000000000000000e+00
7.158503695136003708e-01,3.144723499445467030e-01,1.000000000000000000e+00
6.688328638132701176e-01,3.337124007820154170e-01,1.000000000000000000e+00
7.415903379217799740e-01,3.005298867906343596e-01,1.000000000000000000e+00
5.062794775004171299e-01,2.598358666767263681e-01,1.000000000000000000e+00
7.705909057150315267e-01,3.169114202561735816e-01,1.000000000000000000e+00
8.067195452898882069e-01,2.470297095088335448e-01,1.000000000000000000e+00
7.058596801787967445e-01,4.334488553285252843e-01,1.000000000000000000e+00
8.019672781495206237e-01,5.026739269931010945e-01,1.000000000000000000e+00
7.934473686189388308e-01,4.550101379370553589e-01,1.000000000000000000e+00
7.712496730164564163e-01,1.801763974451707773e-01,1.000000000000000000e+00
7.762297070119084097e-01,2.923622409600699634e-01,1.000000000000000000e+00
7.433655469623705603e-01,3.953037214647898701e-01,1.000000000000000000e+00
7.381937407674514784e-01,2.653905743901657788e-01,1.000000000000000000e+00
7.471971652149618226e-01,3.648650275007689903e-01,1.000000000000000000e+00
6.386911262345552620e-01,7.767689533736638063e-02,1.000000000000000000e+00
6.119809834522490499e-01,1.953177697013789571e-01,1.000000000000000000e+00
8.089360452807259350e-01,2.223894498602529413e-01,1.000000000000000000e+00
6.522441535244462019e-01,3.058319094903458879e-01,1.000000000000000000e+00
4.711180373349232453e-01,4.208535395785349964e-01,1.000000000000000000e+00
5.800686266754582210e-01,2.605844514026056657e-01,1.000000000000000000e+00
5.622451743226652976e-01,3.556696883193790626e-01,1.000000000000000000e+00
6.347675692858548713e-01,3.198930857113749249e-01,1.000000000000000000e+00
7.160843613784833028e-01,2.548375043289267117e-01,1.000000000000000000e+00
7.192129598855867556e-01,2.634205589851967289e-01,1.000000000000000000e+00
6.312303961863289237e-01,3.667120669492417995e-01,1.000000000000000000e+00
7.903412202923508767e-01,3.693058204647483578e-01,1.000000000000000000e+00
6.966490818441675170e-01,4.223271992164310817e-01,1.000000000000000000e+00
7.700727100577646755e-01,2.367159449302408403e-01,1.000000000000000000e+00
6.813872795630256940e-01,5.298615734642103670e-01,1.000000000000000000e+00
6.058262387378809954e-01,3.987153566150034578e-01,1.000000000000000000e+00
7.852574266935744562e-01,2.004328643736437154e-01,1.000000000000000000e+00
6.299039076618476729e-01,4.843727346148607449e-01,1.000000000000000000e+00
5.097919268044220908e-01,2.620073861810831017e-01,1.000000000000000000e+00
6.561611409766716640e-01,3.420987644992849463e-01,1.000000000000000000e+00
7.061635998667659120e-01,3.305401004180289481e-01,1.000000000000000000e+00
6.653312382206869602e-01,4.005406610918546551e-01,1.000000000000000000e+00
7.417298040473681020e-01,2.392606822737009253e-01,1.000000000000000000e+00
7.398306639114355931e-01,2.805006540752585931e-01,1.000000000000000000e+00
7.087778425320915288e-01,3.216912085383533126e-01,1.000000000000000000e+00
7.619187846061427072e-01,4.366932125128382691e-01,1.000000000000000000e+00
1.069229617135738941e+00,3.450310006773441018e-01,1.000000000000000000e+00
5.491442672492996557e-01,3.063903396150878811e-01,1.000000000000000000e+00
8.171770361873551547e-01,1.071289754449659126e-01,1.000000000000000000e+00
6.500129135381338408e-01,3.568676918065707415e-01,1.000000000000000000e+00
6.552638030886470677e-01,4.145445038677219030e-01,1.000000000000000000e+00
8.601384649129271143e-01,4.220890746636727364e-01,1.000000000000000000e+00
7.751787203634281642e-01,3.032300294828918497e-01,1.000000000000000000e+00
6.444798871990227163e-01,1.251702118441279654e-01,1.000000000000000000e+00
7.253354103406493003e-01,3.399881986285319679e-01,1.000000000000000000e+00
6.242489432341241651e-01,3.257388911131613440e-01,1.000000000000000000e+00
7.070122854743592367e-01,3.202281426634804307e-01,1.000000000000000000e+00
5.311912164947849568e-01,2.884438126036189542e-01,1.000000000000000000e+00
8.080971975327639889e-01,4.236125672555762778e-01,1.000000000000000000e+00
6.635922529414834958e-01,4.142592552065862410e-01,1.000000000000000000e+00
8.145101304719488677e-01,1.746981647725856790e-01,1.000000000000000000e+00
6.620429728687985405e-01,3.929175446376889091e-01,1.000000000000000000e+00
7.146495367852001568e-01,3.465078461730519699e-01,1.000000000000000000e+00
7.941845176447261956e-01,3.166633775713468824e-01,1.000000000000000000e+00
6.221929748645860236e-01,1.986839821679268758e-01,1.000000000000000000e+00
6.350667140560550816e-01,2.264736061368262388e-01,1.000000000000000000e+00
4.596502811169184688e-01,2.413916442304120391e-01,1.000000000000000000e+00
5.547090399317848863e-01,4.127516409450236456e-01,1.000000000000000000e+00
7.257413599882120980e-01,3.242334289441299311e-01,1.000000000000000000e+00
7.519070877111569962e-01,4.642348884670052800e-01,1.000000000000000000e+00
5.985888078906123067e-01,2.703629678025986083e-01,1.000000000000000000e+00
6.041770044134890938e-01,1.083974538334561144e-01,1.000000000000000000e+00
7.532825137959286987e-01,2.809952260458858930e-01,1.000000000000000000e+00
7.557413257878414781e-01,1.873151351222559491e-01,1.000000000000000000e+00
7.653742931159301932e-01,3.679641753445015429e-01,1.000000000000000000e+00
6.634295840587218773e-01,3.208107058469067963e-01,1.000000000000000000e+00
7.836017232455629866e-01,3.021666567602246944e-01,1.000000000000000000e+00
7.006492932342072155e-01,4.665197083097705200e-01,1.000000000000000000e+00
8.119872678585412507e-01,4.427378253367200145e-01,1.000000000000000000e+00
6.020907313660657234e-01,3.257080413728423718e-01,1.000000000000000000e+00
5.165824684898605579e-01,3.099779249351211075e-01,1.000000000000000000e+00
6.575003866065570746e-01,2.918643088097903626e-01,1.000000000000000000e+00
7.558567788340920801e-01,1.947334613474164533e-01,1.000000000000000000e+00
6.023235710344627680e-01,3.626893086201335437e-01,1.000000000000000000e+00
5.567694921494088511e-01,2.146511635107747062e-01,1.000000000000000000e+00
6.874025080156769274e-01,3.910133051654080538e-01,1.000000000000000000e+00
8.068989911923083458e-01,3.274331018982141739e-01,1.000000000000000000e+00
8.020112244671031565e-01,1.937827708333530463e-01,1.000000000000000000e+00
8.116327477582261363e-01,4.728808364870845660e-01,1.000000000000000000e+00
8.280362446201219306e-01,2.309250693852593073e-01,1.000000000000000000e+00
6.159863844063673266e-01,4.046917199562850564e-01,1.000000000000000000e+00
7.198488047442895832e-01,3.580653092399202486e-01,1.000000000000000000e+00
7.867853183156751085e-01,3.017690264231981390e-01,1.000000000000000000e+00
9.664895390277450371e-01,2.518079598224979287e-01,1.000000000000000000e+00
6.937093134209355583e-01,4.014237129415787475e-01,1.000000000000000000e+00
8.435957184908717821e-01,1.431533688344044930e-01,1.000000000000000000e+00
4.870675632941711131e-01,3.610719646773906666e-01,1.000000000000000000e+00
8.295952199383831438e-01,1.843401923583393720e-01,1.000000000000000000e+00
7.080017324389115130e-01,3.203250334572167457e-01,1.000000000000000000e+00
7.686877466753824217e-01,2.842141208783044437e-01,1.000000000000000000e+00
7.357563010479821752e-01,2.860770094016757970e-01,1.000000000000000000e+00
6.702888027209402688e-01,3.606644860515385576e-01,1.000000000000000000e+00
4.450514098184871759e-01,2.933620041199291317e-01,1.000000000000000000e+00
6.469632528075862643e-01,4.116373981231100099e-01,1.000000000000000000e+00
7.216614506343439484e-01,2.119095341188001469e-01,1.000000000000000000e+00
7.700472085610738926e-01,3.109940193072543435e-01,1.000000000000000000e+00
5.179341735190615692e-01,2.164386954460469359e-01,1.000000000000000000e+00
7.885509022816379332e-01,2.887001347553448394e-01,1.000000000000000000e+00
6.015448330720316594e-01,2.579756748761602991e-01,1.000000000000000000e+00
7.130204174191557831e-01,2.952213678383663886e-01,1.000000000000000000e+00
9.166270479801141846e-01,5.059876427031457791e-01,1.000000000000000000e+00
7.906673794138261435e-01,2.720872709606687034e-01,1.000000000000000000e+00
6.003237133329483166e-01,2.091550538897168354e-01,1.000000000000000000e+00
7.839339911700611285e-01,3.863141799501456086e-01,1.000000000000000000e+00
7.541162689833108557e-01,2.430905570305844088e-01,1.000000000000000000e+00
8.822862830086573016e-01,1.809818376951151109e-01,1.000000000000000000e+00
5.655074254648837506e-01,4.022861517306554058e-01,1.000000000000000000e+00
7.038801215732761740e-01,3.119731260025045416e-01,1.000000000000000000e+00
5.997260400597135277e-01,4.985291166584934208e-01,1.000000000000000000e+00
6.548212141297486966e-01,7.751969464032676393e-02,1.000000000000000000e+00
7.885794111256561045e-01,1.770792307029968038e-01,1.000000000000000000e+00
9.513140630838796685e-01,4.448534603588520375e-01,1.000000000000000000e+00
6.179517910906227041e-01,2.777564899032632928e-01,1.000000000000000000e+00
6.353540682242811988e-01,3.382214984258428703e-01,1.000000000000000000e+00
7.834871295993710572e-01,1.848663270631075162e-01,1.000000000000000000e+00
6.893902448492634782e-01,2.125826945699564874e-01,1.000000000000000000e+00
8.025783557025850667e-01,2.375951928648473710e-01,1.000000000000000000e+00
6.005379707311655491e-01,3.771094987606238291e-01,1.000000000000000000e+00
7.339330945225477354e-01,2.670067486284289360e-01,1.000000000000000000e+00
7.503613200398225880e-01,2.113934846247743637e-01,1.000000000000000000e+00
5.633916719708667031e-01,3.355567411697202296e-01,1.000000000000000000e+00
7.474958279993577648e-01,1.937682557920762938e-01,1.000000000000000000e+00
8.875264581131321329e-01,3.703842505644876493e-01,1.000000000000000000e+00
5.918752322576172897e-01,4.544759245576978079e-01,1.000000000000000000e+00
2.814733022672609164e-01,4.075608833716575230e-01,1.000000000000000000e+00
5.880302731376585434e-01,2.764720773081918992e-02,1.000000000000000000e+00
6.424490985405488797e-01,2.918770808208738798e-01,1.000000000000000000e+00
8.391423626788775403e-01,1.526303352533976421e-01,1.000000000000000000e+00
8.883509023122118098e-01,2.259286994390537484e-01,1.000000000000000000e+00
6.829450727121656461e-01,3.049052022368566872e-01,1.000000000000000000e+00
6.503799818863438276e-01,8.541848652472469605e-02,1.000000000000000000e+00
6.626178779549919406e-01,2.712122919132548549e-01,1.000000000000000000e+00
7.569059013559311655e-01,3.884010906678597719e-01,1.000000000000000000e+00
7.159582138157314368e-01,2.600379407781922003e-01,1.000000000000000000e+00
8.167372391701056555e-01,1.984110031620613113e-01,1.000000000000000000e+00
6.403907968838420395e-01,4.027242800483056273e-01,1.000000000000000000e+00
7.017690258039405160e-01,2.578919575870640690e-01,1.000000000000000000e+00
7.590556219281927586e-01,3.354380703498227589e-01,1.000000000000000000e+00
6.526513286223902810e-01,3.373752374821257227e-01,1.000000000000000000e+00
7.657534506703654875e-01,2.683389795415852541e-01,1.000000000000000000e+00
8.395046593451545025e-01,3.651631309156836425e-01,1.000000000000000000e+00
6.184137344420818083e-01,3.271742368625223385e-01,1.000000000000000000e+00
5.631430652510043267e-01,4.552678345372350721e-01,1.000000000000000000e+00
7.292376370179544098e-01,1.539608962956538485e-01,1.000000000000000000e+00
6.704443977976028979e-01,2.984144792958296488e-01,1.000000000000000000e+00
6.140441070642278509e-01,4.255212808300602445e-01,1.000000000000000000e+00
7.625516044155252748e-01,4.110554782083880032e-01,1.000000000000000000e+00
7.887413564830021429e-01,3.003320140426087304e-01,1.000000000000000000e+00
7.202076760893098006e-01,2.506740547896891269e-01,1.000000000000000000e+00
7.564903780955251067e-01,4.167583855621230793e-01,1.000000000000000000e+00
5.391346914788547329e-01,3.487922599237092691e-01,1.000000000000000000e+00
6.342312386937476454e-01,2.678746033803177662e-01,1.000000000000000000e+00
6.105423061914317939e-01,3.532434673420689619e-01,1.000000000000000000e+00
7.256062946509201916e-01,2.626338125090023623e-01,1.000000000000000000e+00
6.581549178258638833e-01,3.550036830436136825e-01,1.000000000000000000e+00
8.283910727796887086e-01,2.737459399302639707e-01,1.000000000000000000e+00
6.759173992302383027e-01,3.857557096781798478e-01,1.000000000000000000e+00
6.010447147118263000e-01,4.531980895768569217e-01,1.000000000000000000e+00
5.385595502031680359e-01,4.320940468521692335e-01,1.000000000000000000e+00
6.076426661896219272e-01,3.167498307866724594e-01,1.000000000000000000e+00
6.888962081074234689e-01,4.640799552103000991e-01,1.000000000000000000e+00
7.872480619359500942e-01,3.062098301871333805e-01,1.000000000000000000e+00
7.882337051289489693e-01,2.069428860137838555e-01,1.000000000000000000e+00
7.154050610722408887e-01,2.327217819550358169e-01,1.000000000000000000e+00
7.913863050366548579e-01,4.544479716891337007e-01,1.000000000000000000e+00
6.512033333382570843e-01,1.807889087181905885e-01,1.000000000000000000e+00
5.896300240804687176e-01,1.793840800363183663e-01,1.000000000000000000e+00
4.468141535972359191e-01,1.794755383814782279e-01,1.000000000000000000e+00
8.111026437561326130e-01,2.014011764016543637e-01,1.000000000000000000e+00
8.384694752596324463e-01,3.054912459192776208e-01,1.000000000000000000e+00
8.515403802785025400e-01,3.060914599856369711e-01,1.000000000000000000e+00
6.777232097113484732e-01,2.216883232351480881e-01,1.000000000000000000e+00
5.613456498684075147e-01,3.626899881012001225e-01,1.000000000000000000e+00
5.694038588688929980e-01,1.720824992466998271e-01,1.000000000000000000e+00
9.425098571789528590e-01,3.902895438581450716e-01,1.000000000000000000e+00
6.279996104074565544e-01,4.006426579040561764e-01,1.000000000000000000e+00
7.507392830004137041e-01,2.772448228919986990e-01,1.000000000000000000e+00
5.425813757443195273e-01,1.245668837817549002e-01,1.000000000000000000e+00
5.777495122383009551e-01,4.455242285877015762e-01,1.000000000000000000e+00
7.254549726692196554e-01,4.104269594950293865e-01,1.000000000000000000e+00
6.449272706576535397e-01,2.981832017164346982e-01,1.000000000000000000e+00
7.288494997240162476e-01,1.374564666495602938e-01,1.000000000000000000e+00
5.946178846283265429e-01,3.644361325502632476e-01,1.000000000000000000e+00
7.477247320787039353e-01,3.151786084179404868e-01,1.000000000000000000e+00
7.767216088456162515e-01,1.713650933046375335e-01,1.000000000000000000e+00
8.117819603503853010e-01,2.874434391412840628e-01,1.000000000000000000e+00
7.425238240095499709e-01,3.487109115422707406e-01,1.000000000000000000e+00
5.812510335401850359e-01,2.735295823931495618e-01,1.000000000000000000e+00
7.033607090850008126e-01,1.211918111967819900e-01,1.000000000000000000e+00
9.169374122877014255e-01,1.703584163408286001e-01,1.000000000000000000e+00
8.160028000415625593e-01,3.005023934583679890e-01,1.000000000000000000e+00
5.056861693104954814e-01,2.300958738149972427e-01,1.000000000000000000e+00
7.888731444231169565e-01,3.567758870083472256e-01,1.000000000000000000e+00
7.817933847937150738e-01,2.338315881698980192e-01,1.000000000000000000e+00
7.911278361884797050e-01,1.922858764040749069e-01,1.000000000000000000e+00
7.078475324948492187e-01,2.769542480711019716e-01,1.000000000000000000e+00
6.744439851941235187e-01,3.773260532447755833e-01,1.000000000000000000e+00
4.877873645172017270e-01,2.928290291883907659e-01,1.000000000000000000e+00
7.526935660137487050e-01,2.442360799614810007e-01,1.000000000000000000e+00
8.295005907015622348e-01,4.121297461705997200e-01,1.000000000000000000e+00
7.172184504300137542e-01,2.448160783845013955e-01,1.000000000000000000e+00
5.543759185306126325e-01,3.136402725334545560e-01,1.000000000000000000e+00
7.065712050323380566e-01,3.433723957466806032e-01,1.000000000000000000e+00
7.456358041145515481e-01,3.578528666164028094e-01,1.000000000000000000e+00
6.776035669444114840e-01,2.582690487446937522e-01,1.000000000000000000e+00
7.257552212859820218e-01,3.502113145018947993e-01,1.000000000000000000e+00
7.366842090946116306e-01,3.204135035801256026e-01,1.000000000000000000e+00
7.298352485312655791e-01,1.992733003364136057e-01,1.000000000000000000e+00
7.640357278088912851e-01,3.901372240298542904e-01,1.000000000000000000e+00
7.506241636481636448e-01,3.251849934679061360e-01,1.000000000000000000e+00
7.731552074090010107e-01,3.306162212753832597e-01,1.000000000000000000e+00
7.353570639244887408e-01,2.050283004489791006e-01,1.000000000000000000e+00
7.446614083806172291e-01,4.550530417103358927e-01,1.000000000000000000e+00
5.578872769967897494e-01,3.761374700653718484e-01,1.000000000000000000e+00
6.037831381985987456e-01,4.677153573407032972e-01,1.000000000000000000e+00
9.684726018656688584e-01,1.650762077050643428e-01,1.000000000000000000e+00
